{
	"type": "apotheosis:attribute",
	"attribute": "minecraft:generic.attack_speed",
	"operation": "MULTIPLY_TOTAL",
	"values": {
		"common": {
			"min": 0.03
			"steps": 10,
			"step": 0.002
		},
		"uncommon": {
			"min": 0.04
			"steps": 10,
			"step": 0.002
		},
		"rare": {
			"min": 0.04
			"steps": 15,
			"step": 0.002
		},
		"epic": {
			"min": 0.04
			"steps": 20,
			"step": 0.002
		},
		"mythic": {
			"min": 0.05
			"steps": 20,
			"step": 0.002
		},
		"ancient": {
			"min": 0.07
			"steps": 30,
			"step": 0.002
		}
	},
	"types": [
		"sword",
		"trident"
	]
}