{
	"type": "apotheosis:attribute",
	"attribute": "minecraft:generic.attack_damage",
	"operation": "ADDITION",
	"values": {
		"common": {
			"min": 0.4,
			"steps": 4,
			"step": 0.05
		},
		"uncommon": {
			"min": 0.5,
			"steps": 4,
			"step": 0.05
		},
		"rare": {
			"min": 0.6,
			"steps": 4,
			"step": 0.05
		},
		"epic": {
			"min": 0.8,
			"steps": 8,
			"step": 0.05
		},
		"mythic": {
			"min": 0.8,
			"steps": 8,
			"step": 0.05
		},
		"ancient": {
			"min": 0.8,
			"steps": 12,
			"step": 0.05
		}
	},
	"types": [
		"sword",
		"trident"
	]
}