{
	"type": "apotheosis:mob_effect",
	"mob_effect": "minecraft:blindness",
	"target": "HURT_ATTACKER",
	"values": {
		"rare": {
			"duration": {
				"min": 40,
				"steps": 2,
				"step": 10
			},
			"amplifier": 0,
			"cooldown": 500
		},
		"epic": {
			"duration": {
				"min": 40,
				"steps": 2,
				"step": 10
			},
			"amplifier": 0,
			"cooldown": 500
		},
		"mythic": {
			"duration": {
				"min": 60,
				"steps": 2,
				"step": 10
			},
			"amplifier": 0,
			"cooldown": 400
		},
		"ancient": {
			"duration": {
				"min": 60,
				"steps": 4,
				"step": 10
			},
			"amplifier": 0,
			"cooldown": 400
		}
	},
	"types": [
		"helmet"
	]
}