{
	"type": "apotheosis:mob_effect",
	"mob_effect": "minecraft:speed",
	"target": "HURT_SELF",
	"values": {
		"rare": {
			"duration": {
				"min": 200,
				"steps": 10,
				"step": 10
			},
			"amplifier": 0,
			"cooldown": 2000
		},
		"epic": {
			"duration": {
				"min": 200,
				"steps": 10,
				"step": 10
			},
			"amplifier": {
				"min": 0,
				"steps": 16,
				"step": 0.125
			},
			"cooldown": 1350
		},
		"mythic": {
			"duration": {
				"min": 200,
				"steps": 10,
				"step": 10
			},
			"amplifier": {
				"min": 0,
				"steps": 8,
				"step": 0.25
			},
			"cooldown": 1500
		},
		"ancient": {
			"duration": {
				"min": 200,
				"steps": 10,
				"step": 15
			},
			"amplifier": {
				"min": 0,
				"steps": 8,
				"step": 0.25
			},
			"cooldown": 1500
		}
	},
	"types": [
		"boots"
	]
}