{
	"type": "apotheosis:mob_effect",
	"mob_effect": "minecraft:regeneration",
	"target": "HURT_SELF",
	"values": {
		"epic": {
			"duration": 100,
			"amplifier": 0,
			"cooldown": 750
		},
		"mythic": {
			"duration": 120,
			"_comment": "This weird amplifier setup gives a 20% chance of Instant Health II being granted",
			"amplifier": {
				"min": 0,
				"steps": 8,
				"step": 0.15
			},
			"cooldown": 600
		},
		"ancient": {
			"duration": 140,
			"amplifier": {
				"min": 1,
				"steps": 2,
				"step": 0.5
			},
			"cooldown": 500
		}
	},
	"types": [
		"chestplate", "leggings"
	]
}