{
	"variant": "breach",
	"weight": 10,
	"quality": 0,
	"dimensions": [
	],
	"bonuses": [{
			"type": "apotheosis:attribute",
			"gem_class": {
				"key": "light_weapon",
				"types": [
					"sword",
					"trident"
				]
			},
			"attribute": "attributeslib:armor_pierce",
			"operation": "ADDITION",
			"values": {
				"common": 0.1,
				"uncommon": 0.2,
				"rare": 0.4,
				"epic": 0.55,
				"mythic": 0.7,
				"ancient": 1.1
			}
		},
		{
			"type": "apotheosis:attribute",
			"gem_class": {
				"key": "heavy_weapon",
				"types": [
					"heavy_weapon"
				]
			},
			"attribute": "attributeslib:armor_shred",
			"operation": "ADDITION",
			"values": {
				"common": 0.01,
				"uncommon": 0.2,
				"rare": 0.025,
				"epic": 0.03,
				"mythic": 0.035,
				"ancient": 0.05
			}
		},
		{
			"type": "apotheosis:attribute",
			"gem_class": {
				"key": "breaker",
				"types": [
					"shovel",
					"pickaxe"
				]
			},
			"attribute": "forge:block_reach",
			"operation": "ADDITION",
			"values": {
				"common": 0.1,
				"uncommon": 0.2,
				"rare": 0.3,
				"epic": 0.4,
				"mythic": 0.5,
				"ancient": 0.6
			}
		},
		{
			"type": "apotheosis:attribute",
			"gem_class": {
				"key": "ranged_weapon",
				"types": [
					"bow",
					"crossbow"
				]
			},
			"attribute": "attributeslib:prot_pierce",
			"operation": "ADDITION",
			"values": {
				"common": 0.1,
				"uncommon": 0.2,
				"rare": 0.4,
				"epic": 0.6,
				"mythic": 0.8,
				"ancient": 1
			}
		}
	]
}