{
	"variant": "combatant",
	"weight": 10,
	"quality": 0,
	"dimensions": [
	],
	"unique": true,
	"bonuses": [{
			"type": "apotheosis:attribute",
			"gem_class": {
				"key": "ranged_weapon",
				"types": [
					"trident",
					"bow",
					"crossbow"
				]
			},
			"attribute": "attributeslib:arrow_damage",
			"operation": "MULTIPLY_BASE",
			"values": {
				"common": 0.01,
				"uncommon": 0.03,
				"rare": 0.04,
				"epic": 0.06,
				"mythic": 0.08,
				"ancient": 0.1
			}
		},
		{
			"type": "apotheosis:damage_reduction",
			"gem_class": {
				"key": "core_armor",
				"types": [
					"chestplate",
					"leggings"
				]
			},
			"damage_type": "physical",
			"values": {
				"common": 0.01,
				"uncommon": 0.015,
				"rare": 0.025,
				"epic": 0.035,
				"mythic": 0.045,
				"ancient": 0.055
			}
		},
		{
			"type": "apotheosis:durability",
			"gem_class": {
				"key": "melee_weapon",
				"types": [
					"sword",
					"heavy_weapon"
				]
			},
			"values": {
				"common": 0.01,
				"uncommon": 0.02,
				"rare": 0.03,
				"epic": 0.045,
				"mythic": 0.06,
				"ancient": 0.08
			}
		}
	]
}