{
	"variant": "samurai",
	"weight": 10,
	"quality": 0,
	"dimensions": [
	],
	"unique": true,
	"bonuses": [{
			"type": "apotheosis:attribute",
			"gem_class": {
				"key": "light_ranged",
				"types": [
					"sword",
					"trident",
					"bow",
					"crossbow"
				]
			},
			"attribute": "attributeslib:crit_chance",
			"operation": "ADDITION",
			"values": {
				"common": 0.01,
				"uncommon": 0.03,
				"rare": 0.05,
				"epic": 0.07,
				"mythic": 0.08,
				"ancient": 0.09
			}
		},
		{
			"type": "apotheosis:attribute",
			"gem_class": {
				"key": "heavy_weapon",
				"types": [
					"heavy_weapon"
				]
			},
			"attribute": "attributeslib:crit_chance",
			"operation": "ADDITION",
			"values": {
				"common": 0.02,
				"uncommon": 0.05,
				"rare": 0.07,
				"epic": 0.09,
				"mythic": 0.13,
				"ancient": 0.15
			}
		},
		{
			"type": "apotheosis:attribute",
			"gem_class": {
				"key": "lower_armor",
				"types": [
					"leggings",
					"boots"
				]
			},
			"attribute": "minecraft:generic.movement_speed",
			"operation": "MULTIPLY_TOTAL",
			"values": {
				"common": 0.01,
				"uncommon": 0.03,
				"rare": 0.05,
				"epic": 0.07,
				"mythic": 0.09,
				"ancient": 0.13
			}
		},
		{
			"type": "apotheosis:attribute",
			"gem_class": {
				"key": "helmet",
				"types": [
					"helmet"
				]
			},
			"attribute": "attributeslib:arrow_velocity",
			"operation": "MULTIPLY_TOTAL",
			"values": {
				"common": 0.015,
				"uncommon": 0.03,
				"rare": 0.05,
				"epic": 0.075,
				"mythic": 0.085,
				"ancient": 0.10
			}
		},
		{
			"type": "apotheosis:attribute",
			"gem_class": {
				"key": "shield",
				"types": [
					"shield"
				]
			},
			"attribute": "attributeslib:dodge_chance",
			"operation": "ADDITION",
			"values": {
				"common": 0.002,
				"uncommon": 0.004,
				"rare": 0.008,
				"epic": 0.0012,
				"mythic": 0.0016,
				"ancient": 0.02
			}
		}
	]
}