{
	"variant": "splendor",
	"weight": 10,
	"quality": 0,
	"dimensions": [
	],
	"bonuses": [{
			"type": "apotheosis:attribute",
			"gem_class": {
				"key": "core_armor",
				"types": [
					"chestplate",
					"leggings"
				]
			},
			"attribute": "minecraft:generic.luck",
			"operation": "ADDITION",
			"values": {
				"common": 0.5,
				"uncommon": 1,
				"rare": 1.5,
				"epic": 2,
				"mythic": 2.5,
				"ancient": 3
			}
		},
		{
			"type": "apotheosis:attribute",
			"gem_class": {
				"key": "weapon_or_tool",
				"types": [
					"sword",
					"trident",
					"bow",
					"crossbow",
					"heavy_weapon",
					"shovel",
					"pickaxe"
				]
			},
			"attribute": "attributeslib:experience_gained",
			"operation": "MULTIPLY_TOTAL",
			"values": {
				"common": 0.025,
				"uncommon": 0.05,
				"rare": 0.075,
				"epic": 0.1,
				"mythic": 0.125,
				"ancient": 0.15
			}
		},
		{
			"type": "apotheosis:attribute",
			"gem_class": {
				"key": "boots",
				"types": [
					"boots"
				]
			},
			"attribute": "minecraft:generic.movement_speed",
			"operation": "MULTIPLY_TOTAL",
			"values": {
				"common": 0.02,
				"uncommon": 0.05,
				"rare": 0.07,
				"epic": 0.09,
				"mythic": 0.11,
				"ancient": 0.14
			}
		}
	]
}