{
	"type": "apotheosis:attribute",
	"attribute": "forge:step_height_addition",
	"operation": "ADDITION",
	"values": {
		"common": {
			"min": 0.25,
			"steps": 1,
			"step": 0
		},
		"uncommon": {
			"min": 0.3,
			"steps": 2,
			"step": 0.05
		},
		"rare": {
			"min": 0.35,
			"steps": 3,
			"step": 0.15
		},
		"epic": {
			"min": 0.45,
			"steps": 3,
			"step": 0.15
		},
		"mythic": {
			"min": 0.5,
			"steps": 1,
			"step": 0.25
		},
		"ancient": {
			"min": 0.75,
			"steps": 3,
			"step": 0.25
		}
	},
	"types": [
		"boots"
	]
}