{
	"type": "apotheosis:attribute",
	"attribute": "minecraft:generic.armor",
	"operation": "ADDITION",
	"values": {
		"common": {
			"min": 0.25,
			"steps": 3,
			"step": 0.05
		},
		"uncommon": {
			"min": 0.3,
			"steps": 3,
			"step": 0.075
		},
		"rare": {
			"min": 0.4,
			"steps": 4,
			"step": 0.1
		},
		"epic": {
			"min": 0.5,
			"steps": 4,
			"step": 0.125
		},
		"mythic": {
			"min": 0.6,
			"steps": 4,
			"step": 0.15
		},
		"ancient": {
			"min": 0.8,
			"steps": 4,
			"step": 0.2
		}
	},
	"types": [
		"helmet", "chestplate", "leggings", "boots",
		"shield"
	]
}