{
	"conditions": [{
		"type": "forge:mod_loaded",
		"modid": "twilightforest"
	}],
	"entity": "twilightforest:carminite_golem",
	"weight": 30,
	"quality":  7.5,
	"size": {
		"width": 2,
		"height": 3
	},
	"valid_gear_sets": [
		"#twilight"
	],
	"dimensions": [
		"twilightforest:twilight_forest"
	],
	"min_rarity": "uncommon",
	"max_rarity": "epic",
	"stats": {
		"uncommon": {
			"enchant_chance": 0.75,
			"enchantment_levels": [21, 22, 30, 25],
			"effects": [{
				"effect": "minecraft:fire_resistance",
				"chance": 0.1
			}],
			"attribute_modifiers": [{
					"attribute": "minecraft:generic.max_health",
					"operation": "ADDITION",
					"value": {
						"min": 12,
						"steps": 20,
						"step": 1
					}
				},
				{
					"attribute": "minecraft:generic.movement_speed",
					"operation": "MULTIPLY_BASE",
					"value": {
						"min": 0.04,
						"steps": 25,
						"step": 0.002
					}
				},
				{
					"attribute": "minecraft:generic.attack_damage",
					"operation": "MULTIPLY_BASE",
					"value": {
						"min": 0.06,
						"steps": 35,
						"step": 0.002
					}
				},
				{
					"attribute": "minecraft:generic.knockback_resistance",
					"operation": "ADDITION",
					"value": 0.25
				},
				{
					"attribute": "minecraft:generic.armor",
					"operation": "ADDITION",
					"value": 3
				},
				{
					"attribute": "minecraft:generic.armor_toughness",
					"operation": "ADDITION",
					"value": 3
				}
			]
		},
		"rare": {
			"enchant_chance": 0.75,
			"enchantment_levels": [21, 22, 31, 25],
			"effects": [{
				"effect": "minecraft:fire_resistance",
				"chance": 0.25
			}],
			"attribute_modifiers": [{
					"attribute": "minecraft:generic.max_health",
					"operation": "ADDITION",
					"value": {
						"min": 14,
						"steps": 30,
						"step": 1
					}
				},
				{
					"attribute": "minecraft:generic.movement_speed",
					"operation": "MULTIPLY_BASE",
					"value": {
						"min": 0.04,
						"steps": 25,
						"step": 0.003
					}
				},
				{
					"attribute": "minecraft:generic.attack_damage",
					"operation": "MULTIPLY_BASE",
					"value": {
						"min": 0.06,
						"steps": 35,
						"step": 0.003
					}
				},
				{
					"attribute": "minecraft:generic.knockback_resistance",
					"operation": "ADDITION",
					"value": 0.3
				},
				{
					"attribute": "minecraft:generic.armor",
					"operation": "ADDITION",
					"value": 4
				},
				{
					"attribute": "minecraft:generic.armor_toughness",
					"operation": "ADDITION",
					"value": 4
				}
			]
		},
		"epic": {
			"enchant_chance": 0.75,
			"enchantment_levels": [21, 22, 30, 25],
			"effects": [{
				"effect": "minecraft:fire_resistance",
				"chance": 0.4
			}],
			"attribute_modifiers": [{
					"attribute": "minecraft:generic.max_health",
					"operation": "ADDITION",
					"value": {
						"min": 16,
						"steps": 40,
						"step": 1
					}
				},
				{
					"attribute": "minecraft:generic.movement_speed",
					"operation": "MULTIPLY_BASE",
					"value": {
						"min": 0.05,
						"steps": 25,
						"step": 0.002
					}
				},
				{
					"attribute": "minecraft:generic.attack_damage",
					"operation": "MULTIPLY_BASE",
					"value": {
						"min": 0.07,
						"steps": 35,
						"step": 0.002
					}
				},
				{
					"attribute": "minecraft:generic.knockback_resistance",
					"operation": "ADDITION",
					"value": 0.5
				},
				{
					"attribute": "minecraft:generic.armor",
					"operation": "ADDITION",
					"value": 5
				},
				{
					"attribute": "minecraft:generic.armor_toughness",
					"operation": "ADDITION",
					"value": 5
				}
			]
		}
	}
}