{
	"conditions": [{
		"type": "forge:mod_loaded",
		"modid": "twilightforest"
	}],
	"entity": "minecraft:skeleton",
	"weight": 100,
	"size": {
		"width": 1,
		"height": 2
	},
	"valid_gear_sets": [
		"#twilight_bow"
	],
	"dimensions": [
		"twilightforest:twilight_forest"
	],
	"min_rarity": "common",
	"max_rarity": "rare",
	"stats": {
		"common": {
			"enchant_chance": 0.5,
			"enchantment_levels": [19, 12, 24, 22],
			"effects": [{
				"effect": "minecraft:luck",
				"chance": 0.5
			}],
			"attribute_modifiers": [{
					"attribute": "minecraft:generic.max_health",
					"operation": "ADDITION",
					"value": {
						"min": 4,
						"steps": 20,
						"step": 1
					}
				},
				{
					"attribute": "minecraft:generic.movement_speed",
					"operation": "MULTIPLY_BASE",
					"value": {
						"min": 0.02,
						"steps": 15,
						"step": 0.002
					}
				},
				{
					"attribute": "minecraft:generic.attack_damage",
					"operation": "MULTIPLY_BASE",
					"value": {
						"min": 0.02,
						"steps": 25,
						"step": 0.002
					}
				},
				{
					"attribute": "attributeslib:arrow_damage",
					"operation": "MULTIPLY_BASE",
					"value": {
						"min": 0.03,
						"steps": 30,
						"step": 0.02
					}
				},
				{
					"attribute": "minecraft:generic.knockback_resistance",
					"operation": "ADDITION",
					"value": 0.1
				}
			]
		},
		"uncommon": {
			"enchant_chance": 0.5,
			"enchantment_levels": [19, 12, 23, 22],
			"effects": [{
				"effect": "minecraft:luck",
				"chance": 0.6
			}],
			"attribute_modifiers": [{
					"attribute": "minecraft:generic.max_health",
					"operation": "ADDITION",
					"value": {
						"min": 6,
						"steps": 20,
						"step": 1
					}
				},
				{
					"attribute": "minecraft:generic.movement_speed",
					"operation": "MULTIPLY_BASE",
					"value": {
						"min": 0.02,
						"steps": 15,
						"step": 0.002
					}
				},
				{
					"attribute": "minecraft:generic.attack_damage",
					"operation": "MULTIPLY_BASE",
					"value": {
						"min": 0.03,
						"steps": 25,
						"step": 0.002
					}
				},
				{
					"attribute": "attributeslib:arrow_damage",
					"operation": "MULTIPLY_BASE",
					"value": {
						"min": 0.04,
						"steps": 30,
						"step": 0.02
					}
				},
				{
					"attribute": "minecraft:generic.knockback_resistance",
					"operation": "ADDITION",
					"value": 0.2
				}
			]
		},
		"rare": {
			"enchant_chance": 0.5,
			"enchantment_levels": [19, 12, 24, 22],
			"effects": [{
				"effect": "minecraft:luck",
				"chance": 0.7
			}],
			"attribute_modifiers": [{
					"attribute": "minecraft:generic.max_health",
					"operation": "ADDITION",
					"value": {
						"min": 8,
						"steps": 20,
						"step": 1
					}
				},
				{
					"attribute": "minecraft:generic.movement_speed",
					"operation": "MULTIPLY_BASE",
					"value": {
						"min": 0.03,
						"steps": 15,
						"step": 0.002
					}
				},
				{
					"attribute": "minecraft:generic.attack_damage",
					"operation": "MULTIPLY_BASE",
					"value": {
						"min": 0.04,
						"steps": 25,
						"step": 0.002
					}
				},
				{
					"attribute": "attributeslib:arrow_damage",
					"operation": "MULTIPLY_BASE",
					"value": {
						"min": 0.05,
						"steps": 30,
						"step": 0.02
					}
				},
				{
					"attribute": "minecraft:generic.knockback_resistance",
					"operation": "ADDITION",
					"value": 0.3
				}
			]
		}
	}
}