{
	"type": "apotheosis:attribute",
	"attribute": "attributeslib:experience_gained",
	"operation": "ADDITION",
	"values": {
		"common": {
			"min": 0.05,
			"steps": 5,
			"step": 0.002
		},
		"uncommon": {
			"min": 0.06,
			"steps": 5,
			"step": 0.002
		},
		"rare": {
			"min": 0.07,
			"steps": 10,
			"step": 0.0025
		},
		"epic": {
			"min": 0.08,
			"steps": 10,
			"step": 0.003
		},
		"mythic": {
			"min": 0.1,
			"steps": 15,
			"step": 0.004
		},
		"ancient": {
			"min": 0.12,
			"steps": 15,
			"step": 0.005
		}
	},
	"types": [
		"pickaxe", "shovel"
	]
}