{
	"type": "apotheosis:attribute",
	"attribute": "attributeslib:crit_chance",
	"operation": "ADDITION",
	"values": {
		"common": {
			"min": 0.02,
			"steps": 5,
			"step": 0.01
		},
		"uncommon": {
			"min": 0.03,
			"steps": 6,
			"step": 0.01
		},
		"rare": {
			"min": 0.04,
			"steps": 8,
			"step": 0.01
		},
		"epic": {
			"min": 0.05,
			"steps": 10,
			"step": 0.01
		},
		"mythic": {
			"min": 0.06,
			"steps": 12,
			"step": 0.01
		},
		"ancient": {
			"min": 0.08,
			"steps": 15,
			"step": 0.01
		}
	},
	"types": [
		"heavy_weapon"
	]
}