{
	"type": "apotheosis:attribute",
	"attribute": "minecraft:generic.attack_knockback",
	"operation": "ADDITION",
	"values": {
		"common": {
			"min": 0.1,
			"steps": 5,
			"step": 0.01
		},
		"uncommon": {
			"min": 0.12,
			"steps": 5,
			"step": 0.01
		},
		"rare": {
			"min": 0.14,
			"steps": 10,
			"step": 0.01
		},
		"epic": {
			"min": 0.16,
			"steps": 10,
			"step": 0.01
		},
		"mythic": {
			"min": 0.18,
			"steps": 12,
			"step": 0.01
		},
		"ancient": {
			"min": 0.20,
			"steps": 15,
			"step": 0.01
		}
	},
	"types": [
		"heavy_weapon"
	]
}