{
	"type": "apotheosis:attribute",
	"attribute": "attributeslib:current_hp_damage",
	"operation": "ADDITION",
	"values": {
		"common": {
			"min": 0.005,
			"steps": 5,
			"step": 0.001
		},
		"uncommon": {
			"min": 0.0075,
			"steps": 5,
			"step": 0.001
		},
		"rare": {
			"min": 0.01,
			"steps": 5,
			"step": 0.001
		},
		"epic": {
			"min": 0.015,
			"steps": 5,
			"step": 0.001
		},
		"mythic": {
			"min": 0.02,
			"steps": 5,
			"step": 0.001
		},
		"ancient": {
			"min": 0.025,
			"steps": 10,
			"step": 0.001
		}
	},
	"types": [
		"heavy_weapon"
	]
}