{
	"conditions": [{
		"type": "apotheosis:module",
		"module": "adventure"
	}],
	"type": "apotheosis:affix",
	"rare": false,
	"input_1": {
		"item": "minecraft:iron_ingot",
		"count": 10
	},
	"input_2": {
		"item": "minecraft:emerald",
		"count": 20
	},
	"rarities": "apotheosis:rare",
	"entries": [
		"apotheosis:overworld/bow",
		"apotheosis:overworld/iron_axe",
		"apotheosis:overworld/iron_boots",
		"apotheosis:overworld/iron_chestplate",
		"apotheosis:overworld/iron_helmet",
		"apotheosis:overworld/iron_leggings",
		"apotheosis:overworld/iron_pickaxe",
		"apotheosis:overworld/iron_shovel",
		"apotheosis:overworld/iron_sword"
	]
}