{
	"entity": "minecraft:endermite",
	"weight": 5,
	"quality": 1,
	"size": {
		"width": 0.4,
		"height": 0.3
	},
	"valid_gear_sets": [
		"#the_end"
	],
	"dimensions": [
		"minecraft:the_end"
	],
	"min_rarity": "rare",
	"max_rarity": "mythic",
	"stats": {
		"rare": {
			"enchant_chance": 0.85,
			"enchantment_levels": [13, 12, 20, 17],
			"effects": [{
				"effect": "minecraft:fire_resistance",
				"chance": 0.75
			}],
			"attribute_modifiers": [{
					"attribute": "minecraft:generic.max_health",
					"operation": "ADDITION",
					"value": {
						"min": 12,
						"steps": 40,
						"step": 1
					}
				},
				{
					"attribute": "minecraft:generic.movement_speed",
					"operation": "MULTIPLY_BASE",
					"value": {
						"min": 0.1,
						"steps": 22,
						"step": 0.002
					}
				},
				{
					"attribute": "minecraft:generic.attack_damage",
					"operation": "MULTIPLY_BASE",
					"value": {
						"min": 0.15,
						"steps": 22,
						"step": 0.002
					}
				},
				{
					"attribute": "minecraft:generic.knockback_resistance",
					"operation": "ADDITION",
					"value": 0.08
				}
			]
		},
		"epic": {
			"enchant_chance": 0.85,
			"enchantment_levels": [13, 12, 20, 17],
			"effects": [{
				"effect": "minecraft:fire_resistance",
				"chance": 0.75
			}],
			"attribute_modifiers": [{
					"attribute": "minecraft:generic.max_health",
					"operation": "ADDITION",
					"value": {
						"min": 16,
						"steps": 45,
						"step": 1
					}
				},
				{
					"attribute": "minecraft:generic.movement_speed",
					"operation": "MULTIPLY_BASE",
					"value": {
						"min": 0.1,
						"steps": 27,
						"step": 0.002
					}
				},
				{
					"attribute": "minecraft:generic.attack_damage",
					"operation": "MULTIPLY_BASE",
					"value": {
						"min": 0.18,
						"steps": 27,
						"step": 0.002
					}
				},
				{
					"attribute": "minecraft:generic.knockback_resistance",
					"operation": "ADDITION",
					"value": 0.12
				}
			]
		},
		"mythic": {
			"enchant_chance": 0.85,
			"enchantment_levels": [16, 13, 30, 25],
			"effects": [{
				"effect": "minecraft:fire_resistance",
				"chance": 0.75
			}],
			"attribute_modifiers": [{
					"attribute": "minecraft:generic.max_health",
					"operation": "ADDITION",
					"value": {
						"min": 16,
						"steps": 60,
						"step": 1
					}
				},
				{
					"attribute": "minecraft:generic.movement_speed",
					"operation": "MULTIPLY_BASE",
					"value": {
						"min": 0.1,
						"steps": 35,
						"step": 0.002
					}
				},
				{
					"attribute": "minecraft:generic.attack_damage",
					"operation": "MULTIPLY_BASE",
					"value": {
						"min": 0.18,
						"steps": 35,
						"step": 0.002
					}
				},
				{
					"attribute": "minecraft:generic.knockback_resistance",
					"operation": "ADDITION",
					"value": 0.17
				}
			]
		}
	}
}