{
	"entity": "minecraft:skeleton",
	"weight": 100,
	"quality": 0,
	"size": {
		"width": 0.6,
		"height": 1.99
	},
	"valid_gear_sets": [
		"#overworld_bow"
	],
	"dimensions": [
		"minecraft:overworld"
	],
	"min_rarity": "common",
	"max_rarity": "rare",
	"stats": {
		"common": {
			"enchant_chance": 0.125,
			"enchantment_levels": [6, 4, 10, 7],
			"effects": [{
				"effect": "minecraft:resistance",
				"chance": 0.2
			}],
			"attribute_modifiers": [{
					"attribute": "minecraft:generic.max_health",
					"operation": "ADDITION",
					"value": {
						"min": 2,
						"steps": 4,
						"step": 1
					}
				},
				{
					"attribute": "minecraft:generic.movement_speed",
					"operation": "MULTIPLY_BASE",
					"value": {
						"min": 0.015,
						"steps": 5,
						"step": 0.002
					}
				},
				{
					"attribute": "attributeslib:arrow_damage",
					"operation": "MULTIPLY_BASE",
					"value": {
						"min": 0.02,
						"steps": 20,
						"step": 0.002
					}
				},
				{
					"attribute": "minecraft:generic.knockback_resistance",
					"operation": "ADDITION",
					"value": 0.05
				}
			]
		},
		"uncommon": {
			"enchant_chance": 0.125,
			"enchantment_levels": [6, 4, 10, 7],
			"effects": [{
				"effect": "minecraft:fire_resistance",
				"chance": 0.2
			}],
			"attribute_modifiers": [{
					"attribute": "minecraft:generic.max_health",
					"operation": "ADDITION",
					"value": {
						"min": 2,
						"steps": 4,
						"step": 1
					}
				},
				{
					"attribute": "minecraft:generic.movement_speed",
					"operation": "MULTIPLY_BASE",
					"value": {
						"min": 0.015,
						"steps": 5,
						"step": 0.002
					}
				},
				{
					"attribute": "attributeslib:arrow_damage",
					"operation": "MULTIPLY_BASE",
					"value": {
						"min": 0.02,
						"steps": 20,
						"step": 0.002
					}
				},
				{
					"attribute": "minecraft:generic.knockback_resistance",
					"operation": "ADDITION",
					"value": 0.05
				}
			]
		},
		"rare": {
			"enchant_chance": 0.17,
			"enchantment_levels": [7, 5, 11, 8],
			"effects": [{
				"effect": "minecraft:fire_resistance",
				"chance": 0.2
			}],
			"attribute_modifiers": [{
					"attribute": "minecraft:generic.max_health",
					"operation": "ADDITION",
					"value": {
						"min": 4,
						"steps": 3,
						"step": 2
					}
				},
				{
					"attribute": "minecraft:generic.movement_speed",
					"operation": "MULTIPLY_BASE",
					"value": {
						"min": 0.02,
						"steps": 8,
						"step": 0.002
					}
				},
				{
					"attribute": "attributeslib:arrow_damage",
					"operation": "MULTIPLY_BASE",
					"value": {
						"min": 0.025,
						"steps": 25,
						"step": 0.002
					}
				},
				{
					"attribute": "minecraft:generic.knockback_resistance",
					"operation": "ADDITION",
					"value": 0.05
				}
			]
		}
	}
}