{
	"entity": "minecraft:zombie",
	"weight": 100,
	"quality": 0,
	"size": {
		"width": 0.6,
		"height": 1.95
	},
	"valid_gear_sets": [
		"#overworld"
	],
	"dimensions": [
		"minecraft:overworld"
	],
	"min_rarity": "common",
	"max_rarity": "rare",
	"stats": {
		"common": {
			"enchant_chance": 0.25,
			"enchantment_levels": [7, 5, 13, 10],
			"effects": [{
				"effect": "minecraft:fire_resistance",
				"chance": 0.25
			}],
			"attribute_modifiers": [{
					"attribute": "minecraft:generic.max_health",
					"operation": "ADDITION",
					"value": {
						"min": 4,
						"steps": 15,
						"step": 1
					}
				},
				{
					"attribute": "minecraft:generic.movement_speed",
					"operation": "MULTIPLY_BASE",
					"value": {
						"min": 0.005,
						"steps": 4,
						"step": 0.002
					}
				},
				{
					"attribute": "minecraft:generic.attack_damage",
					"operation": "MULTIPLY_BASE",
					"value": {
						"min": 0.04,
						"steps": 15,
						"step": 0.002
					}
				},
				{
					"attribute": "minecraft:generic.knockback_resistance",
					"operation": "ADDITION",
					"value": 0.03
				},
				{
					"attribute": "minecraft:zombie.spawn_reinforcements",
					"operation": "ADDITION",
					"value": 0.2
				}
			]
		},
		"uncommon": {
			"enchant_chance": 0.25,
			"enchantment_levels": [9, 6, 15, 11],
			"effects": [{
				"effect": "minecraft:fire_resistance",
				"chance": 0.4
			}],
			"attribute_modifiers": [{
					"attribute": "minecraft:generic.max_health",
					"operation": "ADDITION",
					"value": {
						"min": 4,
						"steps": 20,
						"step": 1
					}
				},
				{
					"attribute": "minecraft:generic.movement_speed",
					"operation": "MULTIPLY_BASE",
					"value": {
						"min": 0.005,
						"steps": 5,
						"step": 0.002
					}
				},
				{
					"attribute": "minecraft:generic.attack_damage",
					"operation": "MULTIPLY_BASE",
					"value": {
						"min": 0.04,
						"steps": 20,
						"step": 0.002
					}
				},
				{
					"attribute": "minecraft:generic.knockback_resistance",
					"operation": "ADDITION",
					"value": 0.06
				},
				{
					"attribute": "minecraft:zombie.spawn_reinforcements",
					"operation": "ADDITION",
					"value": 0.4
				}
			]
		},
		"rare": {
			"enchant_chance": 0.3,
			"enchantment_levels": [11, 8, 17, 13],
			"effects": [{
				"effect": "minecraft:fire_resistance",
				"chance": 0.55
			}],
			"attribute_modifiers": [{
					"attribute": "minecraft:generic.max_health",
					"operation": "ADDITION",
					"value": {
						"min": 8,
						"steps": 30,
						"step": 1
					}
				},
				{
					"attribute": "minecraft:generic.movement_speed",
					"operation": "MULTIPLY_BASE",
					"value": {
						"min": 0.02,
						"steps": 8,
						"step": 0.002
					}
				},
				{
					"attribute": "minecraft:generic.attack_damage",
					"operation": "MULTIPLY_BASE",
					"value": {
						"min": 0.05,
						"steps": 25,
						"step": 0.002
					}
				},
				{
					"attribute": "minecraft:generic.knockback_resistance",
					"operation": "ADDITION",
					"value": 0.08
				},
				{
					"attribute": "minecraft:zombie.spawn_reinforcements",
					"operation": "ADDITION",
					"value": 0.8
				}
			]
		}
	}
}