{
	"type": "apotheosis:mob_effect",
	"mob_effect": "attributeslib:grievous",
	"target": "ARROW_TARGET",
	"values": {
		"rare": {
			"duration": {
				"min": 200,
				"steps": 3,
				"step": 10
			},
			"amplifier": 0,
			"cooldown": 1350
		},
		"epic": {
			"duration": {
				"min": 200,
				"steps": 5,
				"step": 10
			},
			"amplifier": {
				"min": 0,
				"steps": 4,
				"step": 0.26
			},
			"cooldown": 1350
		},
		"mythic": {
			"duration": {
				"min": 200,
				"steps": 5,
				"step": 10
			},
			"amplifier": {
				"min": 0,
				"steps": 4,
				"step": 0.26
			},
			"cooldown": 1000
		},
		"ancient": {
			"duration": {
				"min": 100,
				"steps": 5,
				"step": 10
			},
			"amplifier": {
				"min": 0,
				"steps": 8,
				"step": 0.26
			},
			"cooldown": 1000
		}
	},
	"types": [
		"bow",
		"crossbow",
		"trident"
	]
}