{
	"entity": "minecraft:blaze",
	"weight": 30,
	"quality": 7,
	"size": {
		"width": 0.6,
		"height": 1.8
	},
	"valid_gear_sets": [
		"#the_nether"
	],
	"dimensions": [
		"minecraft:the_nether"
	],
	"min_rarity": "uncommon",
	"max_rarity": "epic",
	"stats": {
		"uncommon": {
			"enchant_chance": 0.75,
			"enchantment_levels": [11, 9, 18, 13],
			"effects": [{
				"effect": "minecraft:resistance",
				"chance": 0.01
			}],
			"attribute_modifiers": [{
					"attribute": "minecraft:generic.max_health",
					"operation": "ADDITION",
					"value": {
						"min": 10,
						"steps": 30,
						"step": 1
					}
				},
				{
					"attribute": "minecraft:generic.movement_speed",
					"operation": "MULTIPLY_BASE",
					"value": {
						"min": 0.03,
						"steps": 25,
						"step": 0.002
					}
				},
				{
					"attribute": "minecraft:generic.flying_speed",
					"operation": "MULTIPLY_BASE",
					"value": {
						"min": 0.04,
						"steps": 20,
						"step": 0.002
					}
				},
				{
					"attribute": "minecraft:generic.attack_damage",
					"operation": "MULTIPLY_BASE",
					"value": {
						"min": 0.063,
						"steps": 35,
						"step": 0.002
					}
				},
				{
					"attribute": "attributeslib:crit_chance",
					"operation": "ADDITION",
					"value": {
						"min": 0.03,
						"steps": 10,
						"step": 0.005
					}
				},
				{
					"attribute": "attributeslib:crit_damage",
					"operation": "ADDITION",
					"value": {
						"min": -0.25,
						"steps": 10,
						"step": 0.005
					}
				},
				{
					"attribute": "minecraft:generic.knockback_resistance",
					"operation": "ADDITION",
					"value": 0.12
				},
				{
					"attribute": "minecraft:generic.armor",
					"operation": "ADDITION",
					"value": 1
				},
				{
					"attribute": "minecraft:generic.armor_toughness",
					"operation": "ADDITION",
					"value": 1
				}
			]
		},
		"rare": {
			"enchant_chance": 0.75,
			"enchantment_levels": [12, 10, 19, 14],
			"effects": [{
				"effect": "minecraft:resistance",
				"chance": 0.025
			}],
			"attribute_modifiers": [{
					"attribute": "minecraft:generic.max_health",
					"operation": "ADDITION",
					"value": {
						"min": 11,
						"steps": 35,
						"step": 1
					}
				},
				{
					"attribute": "minecraft:generic.movement_speed",
					"operation": "MULTIPLY_BASE",
					"value": {
						"min": 0.03,
						"steps": 25,
						"step": 0.002
					}
				},
				{
					"attribute": "minecraft:generic.flying_speed",
					"operation": "MULTIPLY_BASE",
					"value": {
						"min": 0.04,
						"steps": 20,
						"step": 0.002
					}
				},
				{
					"attribute": "minecraft:generic.attack_damage",
					"operation": "MULTIPLY_BASE",
					"value": {
						"min": 0.063,
						"steps": 35,
						"step": 0.002
					}
				},
				{
					"attribute": "attributeslib:crit_chance",
					"operation": "ADDITION",
					"value": {
						"min": 0.03,
						"steps": 20,
						"step": 0.005
					}
				},
				{
					"attribute": "attributeslib:crit_damage",
					"operation": "ADDITION",
					"value": {
						"min": -0.25,
						"steps": 20,
						"step": 0.005
					}
				},
				{
					"attribute": "minecraft:generic.knockback_resistance",
					"operation": "ADDITION",
					"value": 0.12
				},
				{
					"attribute": "minecraft:generic.armor",
					"operation": "ADDITION",
					"value": 1
				},
				{
					"attribute": "minecraft:generic.armor_toughness",
					"operation": "ADDITION",
					"value": 1
				}
			]
		},
		"epic": {
			"enchant_chance": 0.75,
			"enchantment_levels": [13, 11, 20, 15],
			"effects": [{
				"effect": "minecraft:resistance",
				"chance": 0.1
			}],
			"attribute_modifiers": [{
					"attribute": "minecraft:generic.max_health",
					"operation": "ADDITION",
					"value": {
						"min": 12,
						"steps": 40,
						"step": 1
					}
				},
				{
					"attribute": "minecraft:generic.movement_speed",
					"operation": "MULTIPLY_BASE",
					"value": {
						"min": 0.04,
						"steps": 25,
						"step": 0.002
					}
				},
				{
					"attribute": "minecraft:generic.flying_speed",
					"operation": "MULTIPLY_BASE",
					"value": {
						"min": 0.05,
						"steps": 20,
						"step": 0.002
					}
				},
				{
					"attribute": "minecraft:generic.attack_damage",
					"operation": "MULTIPLY_BASE",
					"value": {
						"min": 0.064,
						"steps": 35,
						"step": 0.002
					}
				},
				{
					"attribute": "attributeslib:crit_chance",
					"operation": "ADDITION",
					"value": {
						"min": 0.03,
						"steps": 30,
						"step": 0.005
					}
				},
				{
					"attribute": "attributeslib:crit_damage",
					"operation": "ADDITION",
					"value": {
						"min": -0.25,
						"steps": 30,
						"step": 0.005
					}
				},
				{
					"attribute": "minecraft:generic.knockback_resistance",
					"operation": "ADDITION",
					"value": 0.125
				},
				{
					"attribute": "minecraft:generic.armor",
					"operation": "ADDITION",
					"value": 2
				},
				{
					"attribute": "minecraft:generic.armor_toughness",
					"operation": "ADDITION",
					"value": 1
				}
			]
		}
	}
}