{
	"entity": "minecraft:piglin_brute",
	"weight": 50,
	"quality": 4,
	"size": {
		"width": 0.6,
		"height": 1.95
	},
	"valid_gear_sets": [
		"#the_nether"
	],
	"dimensions": [
		"minecraft:the_nether"
	],
	"min_rarity": "rare",
	"max_rarity": "epic",
	"stats": {
		"rare": {
			"enchant_chance": 0.75,
			"enchantment_levels": [13, 11, 20, 15],
			"effects": [{
				"effect": "minecraft:fire_resistance",
				"chance": 1.0
			}],
			"attribute_modifiers": [{
					"attribute": "minecraft:generic.max_health",
					"operation": "ADDITION",
					"value": {
						"min": 16,
						"steps": 30,
						"step": 1
					}
				},
				{
					"attribute": "minecraft:generic.movement_speed",
					"operation": "MULTIPLY_BASE",
					"value": {
						"min": 0.03,
						"steps": 25,
						"step": 0.002
					}
				},
				{
					"attribute": "minecraft:generic.attack_damage",
					"operation": "MULTIPLY_BASE",
					"value": {
						"min": 0.06,
						"steps": 30,
						"step": 0.002
					}
				},
				{
					"attribute": "minecraft:generic.knockback_resistance",
					"operation": "ADDITION",
					"value": 0.1
				},
				{
					"attribute": "minecraft:generic.armor",
					"operation": "ADDITION",
					"value": 2
				},
				{
					"attribute": "minecraft:generic.armor_toughness",
					"operation": "ADDITION",
					"value": 1
				},
				{
					"attribute": "forge:step_height_addition",
					"operation": "ADDITION",
					"value": 1
				}
			]
		},
		"epic": {
			"enchant_chance": 0.75,
			"enchantment_levels": [14, 12, 21, 16],
			"effects": [{
				"effect": "minecraft:fire_resistance",
				"chance": 1.0
			}],
			"attribute_modifiers": [{
					"attribute": "minecraft:generic.max_health",
					"operation": "ADDITION",
					"value": {
						"min": 16,
						"steps": 40,
						"step": 1
					}
				},
				{
					"attribute": "minecraft:generic.movement_speed",
					"operation": "MULTIPLY_BASE",
					"value": {
						"min": 0.03,
						"steps": 30,
						"step": 0.002
					}
				},
				{
					"attribute": "minecraft:generic.attack_damage",
					"operation": "MULTIPLY_BASE",
					"value": {
						"min": 0.065,
						"steps": 35,
						"step": 0.002
					}
				},
				{
					"attribute": "minecraft:generic.knockback_resistance",
					"operation": "ADDITION",
					"value": 0.15
				},
				{
					"attribute": "minecraft:generic.armor",
					"operation": "ADDITION",
					"value": 3
				},
				{
					"attribute": "minecraft:generic.armor_toughness",
					"operation": "ADDITION",
					"value": 2
				},
				{
					"attribute": "forge:step_height_addition",
					"operation": "ADDITION",
					"value": 2
				}
			]
		}
	}
}