{
	"entity": "minecraft:zoglin",
	"weight": 30,
	"quality": 7,
	"size": {
		"width": 1.3965,
		"height": 1.4
	},
	"valid_gear_sets": [
		"#the_nether"
	],
	"dimensions": [
		"minecraft:the_nether"
	],
	"min_rarity": "rare",
	"max_rarity": "epic",
	"stats": {
		"rare": {
			"enchant_chance": 0.75,
			"enchantment_levels": [13, 11, 20, 15],
			"effects": [{
				"effect": "minecraft:fire_resistance",
				"chance": 0.5
			}],
			"attribute_modifiers": [{
					"attribute": "minecraft:generic.max_health",
					"operation": "ADDITION",
					"value": {
						"min": 20,
						"steps": 20,
						"step": 1
					}
				},
				{
					"attribute": "minecraft:generic.movement_speed",
					"operation": "MULTIPLY_BASE",
					"value": {
						"min": 0.024,
						"steps": 25,
						"step": 0.002
					}
				},
				{
					"attribute": "minecraft:generic.attack_damage",
					"operation": "MULTIPLY_BASE",
					"value": {
						"min": 0.07,
						"steps": 35,
						"step": 0.002
					}
				},
				{
					"attribute": "minecraft:generic.knockback_resistance",
					"operation": "ADDITION",
					"value": 0.23
				},
				{
					"attribute": "minecraft:generic.armor",
					"operation": "ADDITION",
					"value": 4
				},
				{
					"attribute": "minecraft:generic.armor_toughness",
					"operation": "ADDITION",
					"value": 2
				}
			]
		},
		"epic": {
			"enchant_chance": 0.75,
			"enchantment_levels": [13, 11, 20, 15],
			"effects": [{
				"effect": "minecraft:fire_resistance",
				"chance": 0.5
			}],
			"attribute_modifiers": [{
					"attribute": "minecraft:generic.max_health",
					"operation": "ADDITION",
					"value": {
						"min": 22,
						"steps": 20,
						"step": 1
					}
				},
				{
					"attribute": "minecraft:generic.movement_speed",
					"operation": "MULTIPLY_BASE",
					"value": {
						"min": 0.026,
						"steps": 25,
						"step": 0.002
					}
				},
				{
					"attribute": "minecraft:generic.attack_damage",
					"operation": "MULTIPLY_BASE",
					"value": {
						"min": 0.08,
						"steps": 35,
						"step": 0.002
					}
				},
				{
					"attribute": "minecraft:generic.knockback_resistance",
					"operation": "ADDITION",
					"value": 0.28
				},
				{
					"attribute": "minecraft:generic.armor",
					"operation": "ADDITION",
					"value": 5
				},
				{
					"attribute": "minecraft:generic.armor_toughness",
					"operation": "ADDITION",
					"value": 2
				}
			]
		}
	}
}