{
	"type": "apotheosis:mob_effect",
	"mob_effect": "attributeslib:sundering",
	"target": "ATTACK_TARGET",
	"values": {
		"epic": {
			"duration": {
				"min": 100,
				"steps": 5,
				"step": 10
			},
			"amplifier": 0,
			"cooldown": 750
		},
		"mythic": {
			"duration": {
				"min": 100,
				"steps": 5,
				"step": 10
			},
			"amplifier": {
				"min": 0,
				"steps": 4,
				"step": 0.26
			},
			"cooldown": 750
		},
		"ancient": {
			"duration": {
				"min": 200,
				"steps": 10,
				"step": 10
			},
			"amplifier": {
				"min": 0,
				"steps": 8,
				"step": 0.26
			},
			"cooldown": 750
		}
	},
	"types": [
		"heavy_weapon"
	]
}