{
	"weight": 5,
	"quality": 1.5,
	"dimensions": ["minecraft:overworld"],
	"unique": true,
	"min_rarity": "rare",
	"bonuses": [{
			"type": "apotheosis:all_stats",
			"gem_class": {
				"key": "helmet",
				"types": [
					"helmet"
				]
			},
			"operation": "multiply_total",
			"values": {
				"rare": 0.01,
				"epic": 0.015,
				"mythic": 0.02,
				"ancient": 0.03
			},
            "attributes": [
                "minecraft:generic.max_health",
                "minecraft:generic.knockback_resistance",
                "minecraft:generic.movement_speed",
                "minecraft:generic.attack_damage",
                "minecraft:generic.attack_knockback",
                "minecraft:generic.attack_speed",
                "minecraft:generic.armor",
                "minecraft:generic.armor_toughness",
                "minecraft:generic.luck",
                "attributeslib:armor_pierce",
                "attributeslib:armor_shred",
                "attributeslib:arrow_damage",
                "attributeslib:arrow_velocity",
                "attributeslib:cold_damage",
                "attributeslib:crit_chance",
                "attributeslib:crit_damage",
                "attributeslib:current_hp_damage",
                "attributeslib:dodge_chance",
                "attributeslib:draw_speed",
                "attributeslib:experience_gained",
                "attributeslib:fire_damage",
                "attributeslib:ghost_health",
                "attributeslib:healing_received",
                "attributeslib:life_steal",
                "attributeslib:mining_speed",
                "attributeslib:overheal",
                "attributeslib:prot_pierce",
                "attributeslib:prot_shred",
                "forge:swim_speed",
                "forge:block_reach",
                "forge:entity_reach",
                "forge:step_height_addition"
            ]
		},
		{
			"type": "apotheosis:drop_transform",
			"gem_class": {
				"key": "pickaxe",
				"types": [
					"pickaxe"
				]
			},
			"blocks": "forge:ores/iron",
			"inputs": {
				"tag": "forge:raw_materials/iron"
			},
			"output": {
				"item": "minecraft:raw_gold"
			},
			"values": {
				"rare": 0.04,
				"epic": 0.06,
				"mythic": 0.08,
				"ancient": 0.1
			},
			"desc": "gem.apotheosis:overworld/royalty.bonus.pickaxe"
		},
		{
			"type": "apotheosis:multi_attribute",
			"desc": "bonus.apotheosis:multi_attr.desc.and",
			"gem_class": {
				"key": "ranged_weapon",
				"types": [
					"bow", "crossbow"
				]
			},
			"modifiers": [{
					"attribute": "attributeslib:prot_shred",
					"operation": "ADDITION",
					"values": {
						"rare": 0.05,
						"epic": 0.06,
						"mythic": 0.07,
						"ancient": 0.08
					}
				},
				{
					"attribute": "attributeslib:draw_speed",
					"operation": "MULTIPLY_TOTAL",
					"values": {
						"rare": -0.07,
						"epic": -0.09,
						"mythic": -0.11,
						"ancient": -0.13
					}
				}
			]
		},
		{
			"type": "apotheosis:multi_attribute",
			"desc": "bonus.apotheosis:multi_attr.desc.and_but",
			"gem_class": {
				"key": "shield",
				"types": [
					"shield"
				]
			},
			"modifiers": [{
					"attribute": "minecraft:generic.armor",
					"operation": "MULTIPLY_TOTAL",
					"values": {
						"rare": 0.03,
						"epic": 0.05,
						"mythic": 0.07,
						"ancient": 0.1
					}
				},
				{
					"attribute": "minecraft:generic.armor_toughness",
					"operation": "MULTIPLY_TOTAL",
					"values": {
						"rare": 0.015,
						"epic": 0.025,
						"mythic": 0.045,
						"ancient": 0.06
					}
				},
				{
					"attribute": "minecraft:generic.movement_speed",
					"operation": "MULTIPLY_TOTAL",
					"values": {
						"rare": -0.05,
						"epic": -0.06,
						"mythic": -0.07,
						"ancient": -0.08
					}
				}
			]
		}
	]
}