{
	"type": "apotheosis:mob_effect",
	"mob_effect": "minecraft:weakness",
	"target": "ATTACK_TARGET",
	"values": {
		"rare": {
			"duration": {
				"min": 80,
				"steps": 3,
				"step": 5
			},
			"amplifier": 0,
			"cooldown": 750
		},
		"epic": {
			"duration": {
				"min": 80,
				"steps": 3,
				"step": 10
			},
			"amplifier": 0
			"cooldown": 750
		},
		"mythic": {
			"duration": {
				"min": 80,
				"steps": 4,
				"step": 15
			},
			"amplifier": 0
			"cooldown": 750
		},
		"ancient": {
			"duration": {
				"min": 80,
				"steps": 4,
				"step": 20
			},
			"amplifier": 0,
			"cooldown": 750
		}
	},
	"types": [
		"sword",
		"trident",
		"heavy_weapon"
	]
}