{
	"type": "apotheosis:attribute",
	"conditions": [{
		"type": "forge:mod_loaded",
		"modid": "irons_spellbooks"
	}],
	"attribute": "irons_spellbooks:cooldown_reduction",
	"operation": "MULTIPLY_BASE",
	"values": {
		"uncommon": {
			"min": 0.006,
			"steps": 10,
			"step": 0.0002
		},
		"rare": {
			"min": 0.01,
			"steps": 10,
			"step": 0.0002
		},
		"epic": {
			"min": 0.014,
			"steps": 10,
			"step": 0.0002
		},
		"mythic": {
			"min": 0.018,
			"steps": 10,
			"step": 0.0002
		},
		"ancient": {
			"min": 0.02,
			"steps": 10,
			"step": 0.0002
		}
	},
	"types": [
		"helmet", "chestplate", "leggings", "boots",
		"shield"
	]
}